{"cameraMode":{"drawMode":0,"name":"Shaded","section":"Shading Mode"},"sceneLighting":true,"audioPlay":false,"sceneViewState":{"showFog":true,"showMaterialUpdate":false,"showSkybox":true,"showFlares":true,"showImageEffects":true,"showParticleSystems":true},"in2DMode":false,"pivot":{"x":-3.2199482917785646,"y":2.6076841354370119,"z":-2.0332608222961427},"rotation":{"x":0.21080459654331208,"y":-0.001465127686969936,"z":0.0003160898922942579,"w":0.9775270819664002},"size":56.578468322753909,"orthographic":false}